Componente,Figma,Implementación,Roles afectados en página,Estilos afectados,Hallazgo/acción
Accordion,1771:909,src/components/ui/accordion.tsx,border; foreground,,Actualizar los roles consumidos que difieren entre Figma y código; conservar la API y las variantes documentadas. La coincidencia visual completa queda por validar en Playground tras la sincronización.
Alert,1178:530,src/components/ui/alert.tsx,border; foreground; card/foreground; muted/foreground; primary; destructive,,Actualizar los roles consumidos que difieren entre Figma y código; conservar la API y las variantes documentadas. La coincidencia visual completa queda por validar en Playground tras la sincronización.
Alert Dialog,1187:612,src/components/ui/alert-dialog.tsx,background; border; muted; foreground; popover/foreground; muted/foreground; primary; destructive/20%; destructive/light; destructive/light-border; destructive/light-foreground,,"Geometría principal 384×148, radio 14 px y bg-popover ya representados en código. Cambian los valores de popover, foreground y muted; el footer usa muted/50 en código."
Attachment,2827:14904,src/components/ui/attachment.tsx,border; muted; foreground; muted/foreground; primary/15%; destructive/30%; destructive/10%; destructive,,Actualizar los roles consumidos que difieren entre Figma y código; conservar la API y las variantes documentadas. La coincidencia visual completa queda por validar en Playground tras la sincronización.
Avatar,246:2681,src/components/ui/avatar.tsx,primary/15%; success/default-border; foreground; success; muted; muted/foreground; primary/10%; primary/default-foreground; accent; primary/default-border,heading/sm; heading/md; heading/lg; components/avatar/9px/semibold; components/avatar/11px/semibold,Estilo de gradiente existente primary/15%→secondary/40%; typography de 11/9 px renombrada. El primitive y el ejemplo tienen responsabilidades visuales distintas.
Badge,186:141,src/components/ui/badge.tsx,primary; primary/5%; primary/light-border; primary/default-foreground; background; foreground; border; success; success/foreground; success/light; success/light-border; success/light-foreground; warning/foreground; warning/light-foreground; destructive; destructive/light; destructive/light-border; destructive/light-foreground,,"El ID 186:141 sigue vigente, ahora confirmado dentro de la página 1:32. Actualizar default-foreground además de primary; solid y outline tienen requisitos de contraste distintos."
Breadcrumb,1760:597,src/components/ui/breadcrumb.tsx,muted/foreground; foreground,,Actualizar los roles consumidos que difieren entre Figma y código; conservar la API y las variantes documentadas. La coincidencia visual completa queda por validar en Playground tras la sincronización.
Button,1:24,src/components/ui/button.tsx,primary; muted; border; background; foreground; success/light; success/light-border; success/light-foreground; warning/light-foreground; destructive/light; destructive/light-border; destructive/light-foreground; primary-hover; background-hover; success/light-hover; destructive/light-hover; primary-active; background-active; success/light-active; destructive/light-active,,Figma tiene 160 variantes de Button (incluye 16 brand-gradient); código tiene 9 estilos sin brand-gradient. Radio Figma 6 px frente a rounded-md=8 px. Gradiente requiere resolver contraste antes de publicarse.
Button Group,3355:1262,src/components/ui/button-group.tsx,primary; muted; border; background; foreground; success/light; success/light-border; success/light-foreground; warning/light-foreground; destructive/light; destructive/light-border; destructive/light-foreground; primary-hover; background-hover; success/light-hover; destructive/light-hover; primary-active; background-active; success/light-active; destructive/light-active,,"Set 3355:1262, 43 variantes. Hereda el cambio de Button y sus tokens; no confundir sus composiciones con nuevos estilos del primitive."
Calendar,1521:3069,src/components/ui/calendar.tsx,popover; border; foreground; muted/foreground; primary; input; muted; background; success/light-border; success/light; success/light-foreground; warning/light-foreground; primary/15%,,"Revisar primary de selección, muted de rango y los estados success/warning. Sincronizar estilos de texto vigentes; tokens nuevos no garantizan contraste de toda combinación."
Card,1798:3431,src/components/ui/card.tsx,border; primary; foreground; muted/foreground; muted/50%,,Actualizar los roles consumidos que difieren entre Figma y código; conservar la API y las variantes documentadas. La coincidencia visual completa queda por validar en Playground tras la sincronización.
Carousel,2782:1341,src/components/ui/carousel.tsx,muted; border; foreground,,Actualizar los roles consumidos que difieren entre Figma y código; conservar la API y las variantes documentadas. La coincidencia visual completa queda por validar en Playground tras la sincronización.
Checkbox,1:41,src/components/ui/checkbox.tsx,primary; background; input; foreground; border; primary/default-border; muted/foreground,,Actualizar los roles consumidos que difieren entre Figma y código; conservar la API y las variantes documentadas. La coincidencia visual completa queda por validar en Playground tras la sincronización.
Collapsible,1771:929,src/components/ui/collapsible.tsx,foreground; border; muted/foreground; muted; primary,,Actualizar los roles consumidos que difieren entre Figma y código; conservar la API y las variantes documentadas. La coincidencia visual completa queda por validar en Playground tras la sincronización.
Combobox,1:39,src/components/ui/combobox.tsx,border; foreground; muted/foreground; accent/50%; input; primary/default-border; primary/15%; accent; accent/foreground,,Actualizar los roles consumidos que difieren entre Figma y código; conservar la API y las variantes documentadas. La coincidencia visual completa queda por validar en Playground tras la sincronización.
Context Menu,1675:339,src/components/ui/context-menu.tsx,muted/foreground; popover; border; foreground; destructive; accent; accent/foreground,,Actualizar los roles consumidos que difieren entre Figma y código; conservar la API y las variantes documentadas. La coincidencia visual completa queda por validar en Playground tras la sincronización.
Data Table,2366:19504,src/components/ui/data-table.tsx,muted/foreground; border; foreground; input; background,,"Revisar Table, Toolbar, Pagination y controles anidados tras actualizar tokens; hereda la diferencia del encabezado de Table. Mantener TanStack y comportamiento actual."
Date Picker,1:35,,border; foreground; popover; background; muted/foreground; primary; success/light-border; success/light; success/light-foreground; warning/light-foreground; muted; input,,"Es una composición en el manifiesto, no un archivo date-picker.tsx. Cambian Calendar, Button, Popover y su tipografía; probar ambos estados antes de publicar."
Drawer,1290:302,src/components/ui/drawer.tsx,popover; popover/foreground; muted/foreground; primary; border; foreground; muted,,Actualizar los roles consumidos que difieren entre Figma y código; conservar la API y las variantes documentadas. La coincidencia visual completa queda por validar en Playground tras la sincronización.
Dropdown Menu,1521:4708,src/components/ui/dropdown-menu.tsx,popover; border; muted/foreground; foreground; accent; accent/foreground; primary,,Actualizar los roles consumidos que difieren entre Figma y código; conservar la API y las variantes documentadas. La coincidencia visual completa queda por validar en Playground tras la sincronización.
Empty,2173:21188,src/components/ui/empty.tsx,primary; border; foreground; muted; muted/foreground,,Actualizar muted-foreground; hover de enlaces usa text-primary y debe evaluarse con el fondo real.
Field,553:2675,src/components/ui/field.tsx,foreground; muted/foreground; input; muted; border; primary; primary/default-border; background,,Revisar composiciones con Input/InputTime y tamaños nuevos. Hay hover de enlaces text-primary en código; el token de texto primary/default-foreground ya existe y difiere por marca.
Hover Card,1650:2013,src/components/ui/hover-card.tsx,primary; popover; border; popover/foreground; muted/foreground; foreground,,Actualizar los roles consumidos que difieren entre Figma y código; conservar la API y las variantes documentadas. La coincidencia visual completa queda por validar en Playground tras la sincronización.
Input,1:34,src/components/ui/input.tsx,input; muted/foreground; muted; primary/default-border; primary/15%; foreground; primary,,"InputBase y TimeInputBase pasan de 10 a 20 variantes frente al snapshot previo: Normal 36 px y Large 44 px. Input/InputGroup usan h-8=32 px, sin tamaño visual Large. Placeholder Figma al 50%: no copiar esa opacidad."
Input OTP,561:4282,src/components/ui/input-otp.tsx,border; muted; primary/default-border; primary/15%; foreground,,Actualizar los roles consumidos que difieren entre Figma y código; conservar la API y las variantes documentadas. La coincidencia visual completa queda por validar en Playground tras la sincronización.
Item,2190:1413,src/components/ui/item.tsx,foreground; card/foreground; muted/foreground; primary; border; muted; accent; popover,components/avatar/9px/semibold,Actualizar muted/accent/foreground; hover de enlaces en descripción usa text-primary. No requiere inventar una nueva paleta.
Kbd,2793:2325,src/components/ui/kbd.tsx,muted; muted/foreground; background/10%; foreground,,Actualizar los roles consumidos que difieren entre Figma y código; conservar la API y las variantes documentadas. La coincidencia visual completa queda por validar en Playground tras la sincronización.
Label,1:38,src/components/ui/label.tsx,foreground; muted/foreground,,Actualizar los roles consumidos que difieren entre Figma y código; conservar la API y las variantes documentadas. La coincidencia visual completa queda por validar en Playground tras la sincronización.
Menubar,2938:11449,src/components/ui/menubar.tsx,foreground; accent; accent/foreground; background; border; popover; muted/foreground,,Actualizar los roles consumidos que difieren entre Figma y código; conservar la API y las variantes documentadas. La coincidencia visual completa queda por validar en Playground tras la sincronización.
Native Select,553:7952,src/components/ui/native-select.tsx,muted/foreground; foreground; border; primary/default-border; primary/15%; accent; accent/foreground,,Figma default 36 px y radio 8 px; primitive h-8=32 px y rounded-lg=10 px. Mantener select nativo y distinguir colores de opciones controlados por el sistema operativo.
Navigation Menu,2938:12924,src/components/ui/navigation-menu.tsx,background; foreground; accent; accent/foreground; ring; muted/foreground; popover; border,,Actualizar los roles consumidos que difieren entre Figma y código; conservar la API y las variantes documentadas. La coincidencia visual completa queda por validar en Playground tras la sincronización.
Pagination,1763:1260,src/components/ui/pagination.tsx,border; foreground; background-hover; muted/foreground,,Actualizar los roles consumidos que difieren entre Figma y código; conservar la API y las variantes documentadas. La coincidencia visual completa queda por validar en Playground tras la sincronización.
Popover,726:6350,src/components/ui/popover.tsx,border; foreground; popover,,Actualizar los roles consumidos que difieren entre Figma y código; conservar la API y las variantes documentadas. La coincidencia visual completa queda por validar en Playground tras la sincronización.
Progress,2206:16412,src/components/ui/progress.tsx,popover/foreground; muted/foreground; primary; primary/20%,,Actualizar los roles consumidos que difieren entre Figma y código; conservar la API y las variantes documentadas. La coincidencia visual completa queda por validar en Playground tras la sincronización.
Radio Group,1:41,src/components/ui/radio-group.tsx,primary; background; input; foreground; border; primary/default-border; muted/foreground,,Actualizar los roles consumidos que difieren entre Figma y código; conservar la API y las variantes documentadas. La coincidencia visual completa queda por validar en Playground tras la sincronización.
Resizable,2882:453,src/components/ui/resizable.tsx,border; foreground; ring,,Actualizar los roles consumidos que difieren entre Figma y código; conservar la API y las variantes documentadas. La coincidencia visual completa queda por validar en Playground tras la sincronización.
Scroll Area,1800:1860,src/components/ui/scroll-area.tsx,background; border,,Actualizar los roles consumidos que difieren entre Figma y código; conservar la API y las variantes documentadas. La coincidencia visual completa queda por validar en Playground tras la sincronización.
Select,614:4917,src/components/ui/select.tsx,muted/foreground; foreground; border; accent/50%; accent; accent/foreground,,"Figma simple/scrollable default 36 px y radio 8 px; código default=32 px, lg=36 px, rounded-lg=10 px. Alinear el mapeo de tamaño en composición y primitive."
Separator,589:983,src/components/ui/separator.tsx,border,,Consume border; el cambio de neutral/300 repercute especialmente en María Linda. Mantener dimensiones y orientación.
Sheet,1295:386,src/components/ui/sheet.tsx,border; primary; foreground; input; muted/foreground; primary/default-border; background; popover; popover/foreground,,Actualizar los roles consumidos que difieren entre Figma y código; conservar la API y las variantes documentadas. La coincidencia visual completa queda por validar en Playground tras la sincronización.
Sidebar,3114:1373,src/components/ui/sidebar.tsx,background; border; foreground; sidebar/foreground; muted/foreground; sidebar/border; sidebar/accent/foreground; sidebar/accent; primary; sidebar/primary; sidebar/ring,caption/sm/bold uppercase,"Figma Piel Sana sidebar/ring resuelve a Maria Linda/primary/500 (#7bc6bb). Es una referencia cruzada entre marcas que exige revisión, no copiar a ciegas."
Slider,2772:1030,src/components/ui/slider.tsx,muted; primary; background,,Actualizar los roles consumidos que difieren entre Figma y código; conservar la API y las variantes documentadas. La coincidencia visual completa queda por validar en Playground tras la sincronización.
Spinner,2206:19380,src/components/ui/spinner.tsx,foreground,,Actualizar los roles consumidos que difieren entre Figma y código; conservar la API y las variantes documentadas. La coincidencia visual completa queda por validar en Playground tras la sincronización.
Switch,1:41,src/components/ui/switch.tsx,primary; background; input; foreground; border; primary/default-border; muted/foreground,,Actualizar los roles consumidos que difieren entre Figma y código; conservar la API y las variantes documentadas. La coincidencia visual completa queda por validar en Playground tras la sincronización.
Table,2064:259,src/components/ui/table.tsx,border; table/row-alternate; input; background; primary/5%; primary; foreground; muted/foreground; primary/10%; primary/default-foreground; warning/light-foreground; success; destructive; muted,body/sm/mono/regular,13 conjuntos en página. TableHeader usa token table/header/background en Figma; código usa bg-muted/40. Hay dos variantes duplicadas en 2090:17809. Separar reparación del set y migración de colores.
Tabs,1:33,src/components/ui/tabs.tsx,foreground/60%; primary; foreground; primary/default-foreground; muted,,Line/underline activo usa text-primary en código. Primary/card sigue bajo 4.5 en tres marcas; revisar el rol de texto sin sustituir el color oficial.
Toast,1:45,src/components/ui/toast.tsx,success/light; success/light-border; success/light-foreground; warning/light-foreground; background; border; foreground,,Sombra de 0 4px 12px / 10% coincide con components/sonner/shadow. Cambian colores de estados y textos; no cambiar la sombra por el solo hecho de sincronizar.
Toggle,3267:2627,src/components/ui/toggle.tsx,foreground; muted; muted/foreground; ring; primary/15%; accent; accent/foreground; input,,"Figma y código tienen radio 6 px y tamaño default 36 px. Cambian accent, muted y foreground; no hay evidencia para rehacer la geometría."
Toggle Group,3331:60517,src/components/ui/toggle-group.tsx,foreground; muted; muted/foreground; ring; primary/15%; accent; accent/foreground; input,,"Set 3331:60517 está en la página Toggle; revisar colores heredados y composición del grupo, conservar la API de selección."
Tooltip,1:30,src/components/ui/tooltip.tsx,primary; foreground; background/10%,,Actualizar los roles consumidos que difieren entre Figma y código; conservar la API y las variantes documentadas. La coincidencia visual completa queda por validar en Playground tras la sincronización.
